"0","dem <- result_df2 |> "
"0","  filter(str_detect(category, ""democrat_critique"")) |> "
"0","  mutate(path = paste0(""./perspective_extracted/"",filename)) |> "
"0","  mutate(ai_correct = "" "","
"0","         ai_wrong = "" "","
"0","         unsure = "" "","
"0","         notes = "" "")"
"0",""
"0","write.csv(dem, ""dem_ai_verification.csv"")"
"0",""
"0",""
"0","file_paths1 <- dem$path"
"0","dem_list <- lapply(file_paths1, readLines)"
"2","Warning in FUN(X[[i]], ...) :"
"2","
 "
"2"," incomplete final line found on './perspective_extracted/batch1_3_page0.txt'
"
"2","Warning in FUN(X[[i]], ...) :"
"2","
 "
"2"," incomplete final line found on './perspective_extracted/batch1_5_page0.txt'
"
