"0","nixon <- result_df |> "
"0","  filter(str_detect(category, ""nixon"")) |> "
"0","  mutate(path = paste0(""./perspective_extracted/"",filename)) |> "
"0","  mutate(ai_correct = "" "","
"0","         ai_wrong = "" "","
"0","         unsure = "" "","
"0","         notes = "" "")"
"0",""
"0","write.csv(nixon, ""nixon_ai_verification.csv"")"
"0",""
"0",""
"0","file_paths1 <- nixon$path"
"0","nixon_list <- lapply(file_paths1, readLines)"
"2","Warning in FUN(X[[i]], ...) :"
"2","
 "
"2"," incomplete final line found on './perspective_extracted/batch1_2_page0.txt'
"
"2","Warning in FUN(X[[i]], ...) :"
"2","
 "
"2"," incomplete final line found on './perspective_extracted/batch1_3_page0.txt'
"
"2","Warning in FUN(X[[i]], ...) :"
"2","
 "
"2"," incomplete final line found on './perspective_extracted/batch1_5_page0.txt'
"
"2","Warning in FUN(X[[i]], ...) :"
"2","
 "
"2"," incomplete final line found on './perspective_extracted/batch1_8_page0.txt'
"
