"0","chat <- chat_gemini()"
"1","[38;5;254mUsing [32mmodel[38;5;254m = [34m""gemini-2.0-flash""[38;5;254m.[39m
"
"0","#Prompt"
"0","chat$chat(""Please give me three reasons to get out of bed in the morning. Make it funny"")"
"1","Alright,"
"1"," "
"1","here"
"1"," "
"1","are"
"1"," "
"1","three"
"1"," "
"1","hilariously"
"1"," "
"1","compelling"
"1"," "
"1","reasons"
"1"," "
"1","to"
"1"," "
"1","drag"
"1"," "
"1","yourself"
"1"," "
"1","out"
"1"," "
"1","of"
"1"," "
"1","
"
"1","bed:"
"1","
"
"1","
"
"1","1."
"1","  "
"1","**Because"
"1"," "
"1","your"
"1"," "
"1","bladder"
"1"," "
"1","is"
"1"," "
"1","sending"
"1"," "
"1","you"
"1"," "
"1","increasingly"
"1"," "
"1","passive-aggressive"
"1"," "
"1","
"
"1","texts.**"
"1"," "
"1","It"
"1"," "
"1","started"
"1"," "
"1","with"
"1"," "
"1","a"
"1"," "
"1","polite"
"1"," "
"1","""Excuse"
"1"," "
"1","me,"
"1"," "
"1","could"
"1"," "
"1","you"
"1"," "
"1","possibly..."""
"1"," "
"1","and"
"1"," "
"1","now"
"1"," "
"1","
"
"1","it's"
"1"," "
"1","full-on"
"1"," "
"1","""YOU"
"1"," "
"1","HAVE"
"1"," "
"1","TEN"
"1"," "
"1","MINUTES."
"1"," "
"1","OR"
"1"," "
"1","ELSE."""
"1"," "
"1","You"
"1"," "
"1","don't"
"1"," "
"1","want"
"1"," "
"1","to"
"1"," "
"1","find"
"1"," "
"1","out"
"1"," "
"1","what"
"1"," "
"1","
"
"1","""else"""
"1"," "
"1","entails."
"1","
"
"1","
"
"1","2."
"1","  "
"1","**The"
"1"," "
"1","dishes"
"1"," "
"1","from"
"1"," "
"1","last"
"1"," "
"1","night"
"1"," "
"1","are"
"1"," "
"1","starting"
"1"," "
"1","to"
"1"," "
"1","perform"
"1"," "
"1","a"
"1"," "
"1","Broadway"
"1"," "
"1","musical"
"1"," "
"1","
"
"1","about"
"1"," "
"1","their"
"1"," "
"1","tragic,"
"1"," "
"1","soapy"
"1"," "
"1","lives.**"
"1"," "
"1","And"
"1"," "
"1","let's"
"1"," "
"1","be"
"1"," "
"1","honest,"
"1"," "
"1","your"
"1"," "
"1","singing"
"1"," "
"1","voice"
"1"," "
"1","is"
"1"," "
"1","
"
"1","*not*"
"1"," "
"1","strong"
"1"," "
"1","enough"
"1"," "
"1","to"
"1"," "
"1","compete"
"1"," "
"1","with"
"1"," "
"1","a"
"1"," "
"1","chorus"
"1"," "
"1","of"
"1"," "
"1","complaining"
"1"," "
"1","plates"
"1"," "
"1","and"
"1"," "
"1","
"
"1","silverware."
"1","
"
"1","
"
"1","3."
"1","  "
"1","**The"
"1"," "
"1","fridge"
"1"," "
"1","is"
"1"," "
"1","lonely"
"1"," "
"1","and"
"1"," "
"1","needs"
"1"," "
"1","your"
"1"," "
"1","moral"
"1"," "
"1","support"
"1"," "
"1","in"
"1"," "
"1","the"
"1"," "
"1","form"
"1"," "
"1","of"
"1"," "
"1","you"
"1"," "
"1","
"
"1","raiding"
"1"," "
"1","it"
"1"," "
"1","for"
"1"," "
"1","a"
"1"," "
"1","questionable"
"1"," "
"1","breakfast"
"1"," "
"1","snack.**"
"1"," "
"1","Plus,"
"1"," "
"1","you"
"1"," "
"1","might"
"1"," "
"1","find"
"1"," "
"1","that"
"1"," "
"1","one"
"1"," "
"1","
"
"1","pickle"
"1"," "
"1","that's"
"1"," "
"1","been"
"1"," "
"1","hiding"
"1"," "
"1","in"
"1"," "
"1","the"
"1"," "
"1","back"
"1"," "
"1","for"
"1"," "
"1","weeks."
"1"," "
"1","It's"
"1"," "
"1","a"
"1"," "
"1","mystery,"
"1"," "
"1","a"
"1"," "
"1","treasure"
"1"," "
"1","
"
"1","hunt,"
"1"," "
"1","and"
"1"," "
"1","a"
"1"," "
"1","potential"
"1"," "
"1","probiotic"
"1"," "
"1","all"
"1"," "
"1","rolled"
"1"," "
"1","into"
"1"," "
"1","one!"
"1","
"
"1","
"
